{"train_loss": [1.6478637658691935, 0.8780047610965712, 0.700380131595414, 0.6226262887974177, 0.5691830566036086, 0.4582101769154252, 0.37417058870230707, 0.3485067656720779, 0.30625697826052506, 0.29711920387761126, 0.281180924096753, 0.23347504450973963, 0.2115201974516164, 0.21899592274038732, 0.19087561585156873, 0.16062875538961308, 0.16387489112609538, 0.164072523961476, 0.11176747904327523, 0.12424775278556584, 0.11489936118070002, 0.1280828642433791, 0.10267861100060631, 0.08930194947646924, 0.09462712382995678, 0.09408478175738406, 0.08026610072178085, 0.07718318369371878], "val_loss": [0.634839181672959, 0.4412264112915312, 0.34434509683577785, 0.40885618274055774, 0.3452749364565881, 0.326516632913124, 0.45313231009723887, 0.22603575327611042, 0.2538711021609959, 0.21565127439708226, 0.2618709794112614, 0.19239671709282058, 0.15931592703397784, 0.18758371859079315, 0.2470557321084752, 0.26213866952318876, 0.1959574931655966, 0.16460254940071276, 0.19318828295605878, 0.17802978973347872, 0.19221706809032532, 0.1751618225526597, 0.24146968186167733, 0.16339736427623955, 0.18590844407943743, 0.19260766591788048, 0.16856240117922425, 0.16253409937157162], "train_miou": [0.02707296211703538, 0.06370217968213308, 0.0706930788731479, 0.0863173239701035, 0.09875575907608979, 0.1203696326107992, 0.12808708278549796, 0.14383136881267836, 0.15384358430456901, 0.16204764170559455, 0.16817129360007402, 0.165335990160826, 0.18127763418664827, 0.1897866447978716, 0.19815332561136076, 0.202156091163116, 0.20467580909049587, 0.2147642857444489, 0.22526464151008224, 0.22997178256286893, 0.23528395304759664, 0.23472869371644078, 0.24686970807045663, 0.25051392969168335, 0.25306767296576205, 0.2674820023085281, 0.2602390270416789, 0.25650077174618574], "val_miou": [0.049353706419879406, 0.054697656758334205, 0.11088135921721741, 0.10751755470457519, 0.16470648654789294, 0.12073326695928539, 0.1603171615716106, 0.17562948352452537, 0.1843334984072466, 0.19564697601852163, 0.20377887492948518, 0.18445433018690197, 0.18497951301191642, 0.21443142349931657, 0.21238235367865105, 0.19014559564424874, 0.24924628652760014, 0.2935837597252042, 0.22868944213928566, 0.23966819649721816, 0.27152144727684574, 0.28541062447611076, 0.33369350990299973, 0.27615671615358284, 0.28959679532279137, 0.30113031865724643, 0.30611921761203476, 0.27299426984868935]}